Actual_Words,Expected_Stem,Suraj_Algorithsm,Bimba_Algorithsm
ababen,ababe,ababe,ababe
abin,abin,abin,abin
abinci,abinci,abinci,abinci
abincin,abinci,abinci,abinci
abinda,abi,abi,abi
abokan,aboka,aboka,aboka
abokansa,aboka,aboka,aboka
aboki,aboki,aboki,aboki
abokin,aboki,aboki,aboki
abu,abu,abu,abu
abubuwa,abu,abu,abu
abubuwan,abu,abu,abu
abubuwanda,abubuwa,abu,abubuwa
abubuwane,abubuwane,abubuwane,abubuwane
adadin,adadi,adadi,adadi
adadinsu,adi,adi,adi
adana,adana,adana,adana
adanawa,adana,adana,adana
adawa,adawa,adawa,adawa
adawan,adawa,adawa,adawa
adawar,adawa,adawa,adawa
adawarsa,adawarsa,adawa,adawarsa
addabi,addabi,addabi,addabi
addinan,addi,addi,addi
addini,addini,addini,addini
addinin,addini,addini,addini
addreshin,addres,addres,addres
adireshin,adires,adires,adires
adireshinka,adires,adires,adires
adreshinka,adres,adres,adres
agaji,agaji,agaji,agaji
agajin,agaji,agaji,agaji
aika,aika,aika,aika
aikace,aikace,aikatu,aikace
aikacen,aikace,aikatu,aikace
aikata,aika,aika,aika
aikatawa,aikata,aikata,aikata
aike,aike,aike,aike
aiki,aiki,aiki,aiki
aikin,aiki,aiki,aiki
aiko,aiko,aiko,aiko
ainahin,ainahi,ainahi,ainahi
ainihin,ainihi,ainihi,ainihi
aji,aji,aji,aji
ajiyar,ajiya,ajiya,ajiya
ajiye,ajiye,ajiye,ajiye
akala,akala,akala,akala
akalar,akala,akala,akala
akalla,akalla,akalla,akalla
akan,akan,akan,akan
akanta,aka,aka,aka
Akwai,akwai,akwai,akwai
akwai,akwai,akwai,akwai
akwatin,akwati,akwati,akwati
akwatunan,akwata,akwata,akwata
alaka,alaka,alaka,alaka
alakar,alaka,alaka,alaka
alama,alama,alama,alama
alamar,alama,alama,alama
Alamomin,alami,alami,alami
alamu,alamu,alamu,alamu
alamun,alamu,alamu,alamu
alkali,alkali,alkali,alkali
alkalin,alkali,alkali,alkali
alkaluma,alkaluma,alkaluma,alkaluma
alkawarin,alka,alka,alka
alkawarinta,alkawara,alkawara,alkawara
amfani,amfani,amfani,amfani
amfanin,amfani,amfani,amfani
amince,amince,ami,amince
amincewa,amince,amince,amince
amincewar,amince,amince,amince
Amirka,amirka,ami,amirka
Amirkan,amirka,amirka,amirka
amurka,amurka,amu,amurka
Amurkan,amurka,amurka,amurka
Amurkawa,amurka,amurka,amurka
annoba,annoba,annoba,annoba
Annobar,annoba,annoba,annoba
arewa,arewa,arewa,arewa
arewacin,arewa,arewa,arewa
arziki,arziki,arziki,arziki
arzikin,arziki,arziki,arziki
asali,asali,asali,asali
asalin,asali,asali,asali
asibiti,asibiti,asibiti,asibiti
asibitin,asibiti,asibiti,asibiti
asiri,asiri,asiri,asiri
asirin,asiri,asiri,asiri
Askira,askira,askira,askira
Askirama,askirama,askirama,askirama
ayi,ayi,ayi,ayi
ayoyin,ayoyi,ayoyi,ayoyi
ayyana,ayya,ayya,ayya
ayyuka,a,a,a
ayyukan,a,a,a
ayyukanta,ayyuka,a,ayyuka
Baba,baba,baba,baba
baban,ba,ba,ba
Babangida,bangida,bangida,bangida
babba,babba,babba,babba
babbaka,baka,baka,baka
Babban,ba,ba,ba
babban,ba,ba,ba
baci,baci,baci,baci
bacin,baci,baci,baci
badakala,badakala,badakala,badakala
badakalar,badakala,badakala,badakala
baka,baka,baka,baka
bakaken,baka,baka,baka
baki,baki,baki,baki
bakin,bakin,bakin,bakin
bakinsu,baki,baki,baki
bakunci,ba,ba,ba
bakuncin,ba,ba,ba
bangare,bangare,bangare,bangare
bangaren,bangare,bangare,bangare
bangarori,bangara,bangara,bangara
bangarorin,bangaror,bangaror,bangaror
bankawa,banka,banka,banka
bankin,banki,banki,banki
barazana,baraza,baraza,baraza
barazanar,baraza,baraza,baraza
bari,bari,bari,bari
barikin,bari,bari,bari
barin,bari,bari,bari
bashi,bashi,bashi,bashi
bashin,bashi,bashi,bashi
batan,bata,bata,bata
batu,batu,batu,batu
batun,batu,batu,batu
batutuwa,batu,batu,batu
batutuwan,batu,batu,batu
bauta,bauta,bauta,bauta
bautar,bauta,bauta,bauta
baya,baya,baya,baya
Bayan,baya,baya,baya
bayanai,baya,baya,baya
bayanaka,bayanaka,bayanaka,bayanaka
bayanan,baya,baya,baya
bayananka,baya,baya,baya
bayanansu,baya,baya,baya
bayani,bayani,bayani,bayani
bayanin,bayani,bayani,bayani
bayansu,baya,baya,baya
bayar,baya,baya,baya
bayarwa,bayar,baya,bayar
bayi,bayi,bayi,bayi
bayin,bayi,bayi,bayi
bayyana,bayya,bayya,bayya
bayyanawa,bayyana,bayyana,bayyana
bazu,bazu,bazu,bazu
bazuwa,bazu,bazu,bazu
beraye,bera,bera,bera
berayen,bera,bera,bera
bi,bi,bi,bi
bidiyo,bidiyo,bidiyo,bidiyo
bidiyon,bidiyo,bidiyo,bidiyo
bil,bil,bil,bil
biliyan,biliya,biliya,biliya
biliyoyin,biliya,biliya,biliya
bincikawa,bincika,bincika,bincika
bincike,bincike,bincike,bincike
binciken,bincike,bincike,bincike
bindiga,bindiga,bindiga,bindiga
bindigar,bindiga,bindiga,bindiga
bindigogi,bindiga,bindiga,bindiga
birane,birane,birane,birane
biranen,birane,birane,birane
birni,birni,birni,birni
birnin,birni,birni,birni
biya,biya,biya,biya
biyan,biya,biya,biya
biyo,biyo,biyo,biyo
biyu,biyu,biyu,biyu
biyun,biyu,biyu,biyu
buga,buga,buga,buga
bugawa,buga,buga,buga
bugu,bugu,bugu,bugu
bukace,bukace,bukatu,bukace
bukaci,buka,buka,buka
bukata,bukata,bukata,bukata
bukatar,bukata,bukata,bukata
bukatarka,bukatarka,bukata,bukatarka
bukatarsa,bukatarsa,bukata,bukatarsa
bukatarsu,bukatarsu,bukata,bukatarsu
bukatu,bukatu,bukatu,bukatu
bukatun,bukatu,bukatu,bukatu
bukatunta,bukatu,bukatu,bukatu
bukin,buki,buki,buki
bukukuwa,buku,buku,buku
bullarta,bullara,bulla,bullara
bullo,bullo,bullo,bullo
bullowa,bulla,bulla,bulla
bunkasa,bunkashi,bunkashi,bunkashi
bunkasar,bunkashi,bunkashi,bunkashi
cajar,caja,caja,caja
caje,caje,caje,caje
caji,caji,caji,caji
cajin,caji,caji,caji
cewa,cewa,cewa,cewa
cewar,cewa,cewa,cewa
cewarsa,cewarsa,cewa,cewarsa
cewarsu,cewarsu,cewa,cewarsu
cibiyar,cibiya,cibiya,cibiya
cibiyoyin,cibiya,cibiya,cibiya
cika,cika,cika,cika
cikakken,cikak,cikak,cikak
cikakkun,cikak,cikak,cikak
cike,cike,cike,cike
ciki,ciki,ciki,ciki
cikikn,cik,cik,cik
cikin,ciki,ciki,ciki
cikinsa,ciki,ciki,ciki
cikinsu,ciki,ciki,ciki
cikinta,ciki,ciki,ciki
Cikkakun,cikka,cikka,cikka
ciniki,ciniki,ciniki,ciniki
cinikin,ciniki,ciniki,ciniki
cinikinsu,ciniki,ciniki,ciniki
ciwa,ciwa,ciwa,ciwa
ciwo,ciwo,ciwo,ciwo
ciwon,ciwo,ciwo,ciwo
cuta,cuta,cuta,cuta
cutar,cuta,cuta,cuta
cutukan,cute,cute,cute
cututtukan,cutute,cutute,cutute
daba,daba,daba,daba
dabaibaye,dabaiba,dabaiba,dabaiba
dabarar,dabara,dabara,dabara
dabaru,dabara,dabara,dabara
dabarun,dabara,dabara,dabara
dabawa,daba,daba,daba
dabbobi,dabba,dabba,dabba
dabbobinmu,dabbobi,dabba,dabbobi
dabo,dabo,dabo,dabo
dabon,dabo,dabo,dabo
dace,dace,dace,dace
dacewa,dace,dace,dace
dadada,dada,dada,dada
dadaddiyar,addiya,addiya,addiya
dadi,dadi,dadi,dadi
dadin,dadi,dadi,dadi
daga,daga,daga,daga
dage,dage,dage,dage
dagewar,dage,dage,dage
daidai,daidai,daidai,daidai
daidaita,daita,daita,daita
daidaito,daito,daito,daito
daji,daji,daji,daji
dajin,daji,daji,daji
dakaru,dakara,dakara,dakara
dakarun,dakara,dakara,dakara
dakatar,dakata,dakata,dakata
dakon,dako,dako,dako
Dakunan,daka,daka,daka
dalilai,dali,dali,dali
dalilin,dalili,dalili,dalili
daloli,daloli,daloli,daloli
dama,dama,dama,dama
Damagaram,damagaram,damagaram,damagaram
daman,dama,dama,dama
damar,dama,dama,dama
damarar,damara,damara,damara
dambarwar,dambar,dambar,dambar
damke,damke,damke,damke
damu,damu,damu,damu
damuwa,damu,damu,damu
danganawa,dangana,dangana,dangana
danganci,danga,danga,danga
dangane,dangane,dangane,dangane
danganta,danga,danga,danga
dangantaka,danga,danga,danga
dangantakar,danga,danga,danga
dangin,dangi,dangi,dangi
dare,dare,dare,dare
Darektan,darekk,darekk,darekk
daren,dare,dare,dare
dareWasu,darewasu,darewasu,darewasu
daruruwa,darura,darura,darura
daruruwan,darura,darura,darura
dauka,dauka,dauka,dauka
daukacin,dauka,dauka,dauka
daukaka,dauka,dauka,dauka
daukar,dauka,dauka,dauka
dauke,dauke,dauke,dauke
daukewar,dau,dau,dau
dauki,dauki,dauki,dauki
dauko,dauka,dauka,dauka
daura,daura,daura,daura
daurin,daura,daura,daura
dawo,dawo,dawo,dawo
dawowa,dawa,dawa,dawa
daya,daya,daya,daya
dayan,daya,daya,daya
dilancin,dila,dila,dila
dillancin,dilla,dilla,dilla
dimbin,dimbi,dimbi,dimbi
dimokradiyyar,dimokradiyya,dimokradiyya,dimokradiyya
Dimokradiyyar,dimokradiyya,dimokradiyya,dimokradiyya
dimokradiyyarsu,dimokradiyyarsu,dimokradiyya,dimokradiyyarsu
dimokuradiyyar,dimokuradiyya,dimokuradiyya,dimokuradiyya
diyya,diyya,diyya,diyya
diyyar,diyya,diyya,diyya
dogon,dogo,dogo,dogo
doguwar,do,do,do
doka,doka,doka,doka
dokar,doka,doka,doka
dokoki,doka,doka,doka
dokokin,doka,doka,doka
dokokinsa,doka,doka,doka
domin,domi,domi,domi
Domin,domi,domi,domi
don,don,don,don
duba,duba,duba,duba
Duba,duba,duba,duba
dubatan,duba,duba,duba
dubatar,duba,duba,duba
dubbai,dubbi,dubbi,dubbi
dubban,dubba,dubba,dubba
Dubban,dubba,dubba,dubba
Dubi,dubi,dubi,dubi
dubu,dubu,dubu,dubu
dubun,dubu,dubu,dubu
duka,duka,duka,duka
Duka,duka,duka,duka
Dukkan,dukka,dukka,dukka
dukkan,dukka,dukka,dukka
dukkanin,dukka,dukka,dukka
dukkaninsu,dukka,dukka,dukka
dumbin,dumbi,dumbi,dumbi
dumi,dumi,dumi,dumi
duminsu,dumi,dumi,dumi
Fabrairu,fabrairu,fabrairu,fabrairu
Fabrairun,fabrairu,fabrairu,fabrairu
fada,fada,fada,fada
fadada,fada,fada,fada
fadan,fada,fada,fada
fadar,fada,fada,fada
fadi,fadi,fadi,fadi
fadin,fadi,fadi,fadi
fadinta,fadi,fadi,fadi
faduwa,fadu,fadu,fadu
faduwar,fadu,fadu,fadu
fafata,fa,fa,fa
fafatawa,fatawa,fatawa,fatawa
fafitikar,fafitika,fafitika,fafitika
fafutika,fafutika,fafutika,fafutika
fafutuka,fafute,fafute,fafute
fafutukar,fafute,fafute,fafute
fage,fage,fage,fage
fagen,fage,fage,fage
fahimci,fahimta,fahi,fahimta
fahimta,fahimta,fahimta,fahimta
fannin,fan,fan,fan
fannoni,fanno,fanno,fanno
fara,fara,fara,fara
Faransa,fara,fara,fara
Faransar,fara,fara,fara
Faransawa,faransa,faransa,faransa
farar,fara,fara,fara
fararen,farare,farare,farare
farawa,fara,fara,fara
fari,fari,fari,fari
farin,fari,fari,fari
farko,fara,fara,fara
farkon,fara,fara,fara
faru,faru,faru,faru
faruwa,fara,fara,fara
faruwar,fara,fara,fara
fasaha,fasaha,fasaha,fasaha
fasahar,fasaha,fasaha,fasaha
fasahohi,fasahohi,fasahohi,fasahohi
fasahohin,fasahohi,fasahohi,fasahohi
fasahohinsa,fasahohi,fasahohi,fasahohi
fashe,fashe,fashe,fashe
fashewa,fashe,fashe,fashe
fashi,fas,fas,fas
fashin,fas,fas,fas
fata,fata,fata,fata
Fatah,fatah,fatah,fatah
fatan,fata,fata,fata
fice,fice,fice,fice
ficewa,fice,fice,fice
fili,fili,fili,fili
filin,fili,fili,fili
Fira,fira,fira,fira
Firai,firi,firi,firi
fita,fita,fita,fita
fitaccen,fita,fita,fita
fitar,fita,fita,fita
fitattun,fitattu,fitattu,fitattu
fito,fito,fito,fito
fitowa,fita,fita,fita
fitowar,fita,fita,fita
fuska,fuska,fuska,fuska
fuskanci,fuska,fuska,fuska
fuskanta,fuska,fuska,fuska
fuskantar,fuska,fuska,fuska
fuskar,fuska,fuska,fuska
gaba,gaba,gaba,gaba
gabace,gabace,gabatu,gabace
gaban,gaba,gaba,gaba
gabannin,gaba,gaba,gaba
gabanta,gaba,gaba,gaba
gabar,gaba,gaba,gaba
gabashin,gabas,gabas,gabas
gabata,gaba,gaba,gaba
gabatar,gaba,gaba,gaba
Gabatarwa,gabatar,gaba,gabatar
gadin,gadi,gadi,gadi
gado,gado,gado,gado
gagarumar,garuma,garuma,garuma
gagarumin,garumi,garumi,garumi
gaggawa,ga,ga,ga
gaggawar,ga,ga,ga
gaji,gaji,gaji,gaji
gajiyar,gajiya,gajiya,gajiya
galaba,galaba,galaba,galaba
galibi,galibi,galibi,galibi
Galibi,galibi,galibi,galibi
galibinsu,galibi,galibi,galibi
game,game,game,game
gami,gami,gami,gami
gamsarwa,gamsar,gamsa,gamsar
gamsuwa,gamse,gamse,gamse
gana,gana,gana,gana
ganawa,gana,gana,gana
gane,gane,gane,gane
ganga,ganga,ganga,ganga
gangami,gangami,gangami,gangami
gangamin,gangami,gangami,gangami
ganguna,ganga,ganga,ganga
gani,gani,gani,gani
ganin,gani,gani,gani
gano,gano,gano,gano
ganowa,gana,gana,gana
gargadi,gargadi,gargadi,gargadi
gargadin,gargadi,gargadi,gargadi
gari,gari,gari,gari
garin,gari,gari,gari
garuruwa,garura,garura,garura
garuruwan,garura,garura,garura
gasa,gasa,gasa,gasa
gasar,gasa,gasa,gasa
gaske,gaske,gaske,gaske
gaskiya,gaskiya,gaskiya,gaskiya
gawarwaki,gawarwa,gawarwa,gawarwa
gawawwakin,gawawwa,gawawwa,gawawwa
gaya,gaya,gaya,gaya
gaywa,gaywa,gaywa,gaywa
gayyaci,gayya,gayya,gayya
gaza,gaza,gaza,gaza
gazawa,gaza,gaza,gaza
gida,gida,gida,gida
gidaje,gidaje,gidaje,gidaje
gidajen,gidaje,gidaje,gidaje
gidajensu,gidaje,gidaje,gidaje
gidan,gida,gida,gida
gidanka,gida,gida,gida
gidansa,gida,gida,gida
gidansu,gida,gida,gida
girma,girma,girma,girma
girman,girma,girma,girma
goyan,goya,goya,goya
goyon,goyo,goyo,goyo
guda,guda,guda,guda
gudanar,gudanar,gudanar,gudanar
gudanarwar,gudanar,gudanar,gudanar
gudu,gudu,gudu,gudu
gudummawa,gudummawa,gudummawa,gudummawa
gudun,gudu,gudu,gudu
gudunmawa,gudunma,gudunma,gudunma
gurbi,gurbi,gurbi,gurbi
gurbin,gurbi,gurbi,gurbi
gwagwarmaya,gwarmaya,gwarmaya,gwarmaya
gwagwarmayar,gwarmaya,gwarmaya,gwarmaya
gwaji,gwaji,gwaji,gwaji
gwajin,gwaji,gwaji,gwaji
Gwamna,gwamna,g,gwamna
gwamnan,gwamna,gwamna,gwamna
gwamnati,gwamnati,gwamnati,gwamnati
gwamnatin,gwamnati,gwamnati,gwamnati
gwamnatinsa,gwamnati,gwamnati,gwamnati
gwamnatocin,gwamnato,gwamnato,gwamnato
gwamnoni,gwamno,gwamno,gwamno
gwargwadon,gwargwado,gwargwado,gwargwado
gwarzon,gwarzo,gwarzo,gwarzo
gwiwa,gwiwa,gwiwa,gwiwa
gwiwar,gwi,gwi,gwi
gwiwarsa,gwiwarsa,gwi,gwiwarsa
Gwoza,gwoza,gwoza,gwoza
Gwozan,gwoza,gwoza,gwoza
hada,hada,hada,hada
hadar,hada,hada,hada
hadarin,hada,hada,hada
haddasa,haddashi,haddashi,haddashi
haddin,haddi,haddi,haddi
hade,hade,hade,hade
hadin,hadi,hadi,hadi
hadu,hadu,hadu,hadu
hafsan,hafsa,hafsa,hafsa
hafsoshi,hafsa,hafso,hafsa
haifa,haifa,haifa,haifa
haifar,haifa,haifa,haifa
haife,haife,haife,haife
haifeshi,haifes,haife,haifes
haifi,haifi,haifi,haifi
haihu,haihu,haihu,haihu
haihuwa,haihu,haihu,haihu
haihuwar,haihu,haihu,haihu
hajar,haja,haja,haja
hajarsu,hajarsu,haja,hajarsu
Hajiya,hajiya,hajiya,hajiya
Hajji,hajji,hajji,hajji
hajojin,haja,haja,haja
haka,haka,haka,haka
hakan,haka,haka,haka
hakar,haka,haka,haka
hakimiyar,hakimiya,hakimiya,hakimiya
hakkin,hak,hak,hak
hakkokin,hakka,hakka,hakka
hakkokinsu,hakka,hakka,hakka
hako,hako,hako,hako
halarci,halar,hala,halar
halartar,halarr,halarr,halarr
halayen,hala,hala,hala
halayya,halayya,hala,halayya
halayyar,halayya,halayya,halayya
hali,hali,hali,hali
halin,hali,hali,hali
Ham,ham,ham,ham
Hama,hama,hama,hama
hamada,hamada,hamada,hamada
hamadar,hamada,hamada,hamada
hamayya,hamayya,hama,hamayya
hamayyarsa,hamayyarsa,hamayya,hamayyarsa
hana,hana,hana,hana
hanayar,hanaya,hanaya,hanaya
hankali,hankali,hankali,hankali
hankalin,hankali,hankali,hankali
hankula,hankula,hankula,hankula
hankulan,hankula,hankula,hankula
hannayen,hanno,hanno,hanno
hannu,hannu,hannu,hannu
hannun,hannu,hannu,hannu
hannunsa,hannu,hannu,hannu
Hantsi,hantsi,hantsi,hantsi
hanu,hanu,hanu,hanu
hanya,hanya,hanya,hanya
hanyar,hanya,hanya,hanya
hanyarsu,hanyarsu,hanya,hanyarsu
hanyoyi,hanya,hanya,hanya
hanyoyin,hanya,hanya,hanya
haraba,haraba,haraba,haraba
harabar,haraba,haraba,haraba
haraji,haraji,haraji,haraji
harajin,haraji,haraji,haraji
haram,haram,haram,haram
Harama,harama,harama,harama
haramta,harama,hara,harama
haramtaccen,haramc,haramc,haramc
harba,harba,harba,harba
harbe,harbe,harbe,harbe
harda,harda,harda,harda
hare,hare,hare,hare
haren,hare,hare,hare
hari,hari,hari,hari
harin,hari,hari,hari
harka,harka,harka,harka
harkar,harka,harka,harka
harkoki,harka,harka,harka
harkokin,harka,harka,harka
harshen,harshe,harshe,harshe
harsunan,harsa,harsa,harsa
hasara,hasara,hasara,hasara
hasarar,hasara,hasara,hasara
hasashe,hasashe,hashi,hasashe
hasashen,hasashe,hasashe,hasashe
hau,hau,hau,hau
hauhawar,hauha,hauha,hauha
haura,haura,haura,haura
hawa,hawa,hawa,hawa
hawainiya,hawainiya,hawainiya,hawainiya
hijira,hijira,hijira,hijira
hijirar,hijira,hijira,hijira
hijra,hijra,hijra,hijra
hira,hira,hira,hira
hirar,hira,hira,hira
hirarrakin,hirarra,hirarra,hirarra
hore,hore,hore,hore
horo,horo,horo,horo
horon,horo,horo,horo
hoto,hoto,hoto,hoto
hoton,hoto,hoto,hoto
hotuna,hota,hota,hota
hotunan,hota,hota,hota
Hotunanka,hota,hota,hota
Hukumar,hukuma,hukuma,hukuma
hukumar,hukuma,hukuma,hukuma
hukumomi,hukumi,hukumi,hukumi
Hukumomi,hukumi,hukumi,hukumi
hukumomin,hukumi,hukumi,hukumi
hukunci,hukunci,hukunci,hukunci
hukuncin,hukunci,hukunci,hukunci
hula,hula,hula,hula
hular,hula,hula,hula
huta,huta,huta,huta
hutun,hutu,hutu,hutu
idan,idan,idan,idan
idanun,idani,idani,idani
ido,ido,ido,ido
idon,idon,idon,idon
ikirarin,ikira,ikira,ikira
ikirarinta,ikira,ikira,ikira
iko,iko,iko,iko
ikon,ikon,ikon,ikon
ilimi,ilimi,ilimi,ilimi
Ilimin,ilimi,ilimi,ilimi
ilimin,ilimi,ilimi,ilimi
iri,iri,iri,iri
irin,irin,irin,irin
irinsa,iri,iri,iri
irinsu,iri,iri,iri
irinta,iri,iri,iri
Italiya,italiya,italiya,italiya
Italiyan,italiya,italiya,italiya
Italiyar,italiya,italiya,italiya
iya,iya,iya,iya
iyaka,iyaka,iyaka,iyaka
iyakar,iyaka,iyaka,iyaka
iyakarta,iyakara,iyaka,iyakara
iyalai,iyali,iyali,iyali
iyalan,iyala,iyala,iyala
iyalansu,iyala,iyala,iyala
iyaye,iyaye,iyaye,iyaye
iyayen,iyaye,iyaye,iyaye
iyayensa,iyaye,iyaye,iyaye
izini,izi,izi,izi
izinin,izi,izi,izi
izni,izni,izni,izni
iznin,iz,iz,iz
jagora,jagora,jagora,jagora
Jagoran,jagora,jagora,jagora
jagoran,jagora,jagora,jagora
jagoranci,jagora,jagora,jagora
jagorancin,jagora,jagora,jagora
jagorantar,jagora,jagora,jagora
jakadanci,jakada,jakada,jakada
jakadancin,jakada,jakada,jakada
jaki,jaki,jaki,jaki
jamhuriyar,jamhuriya,jamhuriya,jamhuriya
Jamhuriyyar,jamhuriyya,jamhuriyya,jamhuriyya
jari,jari,jari,jari
jarida,jarida,jarida,jarida
jaridar,jarida,jarida,jarida
jaridun,jaridu,jaridu,jaridu
jarin,jara,jara,jara
jarirai,jari,jari,jari
jariran,jarira,jarira,jarira
jariransuSamun,jariransusamu,jariransusamu,jariransusamu
jariranta,jarira,jarira,jarira
Jaririya,jaririya,jaririya,jaririya
jaririyar,jaririya,jaririya,jaririya
jawabi,jawabi,jawabi,jawabi
jawabin,jawabi,jawabi,jawabi
jihar,jiha,jiha,jiha
Jihar,jiha,jiha,jiha
jiharsa,jiharsa,jiha,jiharsa
jihohi,jihohi,jihohi,jihohi
jihohin,jihohi,jihohi,jihohi
jikakkiya,jikakkiya,jikakkiya,jikakkiya
jiki,jiki,jiki,jiki
jikin,jiki,jiki,jiki
jikina,jiki,jiki,jiki
jikkata,jikkata,jikkata,jikkata
jin,jin,jin,jin
jini,jini,jini,jini
jinin,jini,jini,jini
jinjina,jinjina,jinjina,jinjina
jinjinawa,ji,ji,ji
jinya,jinya,jinya,jinya
jinyar,jinya,jinya,jinya
jiragen,jirage,jirage,jirage
jiran,jira,jira,jira
jirgi,jirgi,jirgi,jirgi
jirgin,jirgi,jirgi,jirgi
Juwon,juwo,juwo,juwo
juya,juya,juya,juya
juyi,juyi,juyi,juyi
juyin,juyi,juyi,juyi
juyinjuya,juyinjuya,juyinjuya,juyinjuya
kada,kada,kada,kada
kadan,kadan,kadan,kadan
kadarorin,kadaror,kadaror,kadaror
Kaduna,kada,kada,kada
Kadunan,kada,kada,kada
kafa,kafa,kafa,kafa
kafar,kafa,kafa,kafa
kafawa,kafa,kafa,kafa
Kafin,kafi,kafi,kafi
kafin,kafi,kafi,kafi
kafofin,kafa,kafa,kafa
kafuwa,kafu,kafu,kafu
kai,kai,kai,kai
kaidoji,kaida,kaida,kaida
Kaidojin,kaida,kaida,kaida
kaiga,kaiga,kaiga,kaiga
kaika,kaika,kaika,kaika
kaima,kaima,kaima,kaima
kaisu,kaisu,kaisu,kaisu
kaiwa,kaiwa,kaiwa,kaiwa
kalilan,kalila,kalila,kalila
kallo,kallo,kallo,kallo
kallon,kallo,kallo,kallo
kallonsa,kallo,kallo,kallo
kalubalanci,kalubala,kalubala,kalubala
kalubalantar,kalubala,kalubala,kalubala
kalubale,kalubale,kalubale,kalubale
Kalubale,kalubale,kalubale,kalubale
kalubalen,kalubale,kalubale,kalubale
kama,kama,kama,kama
kaman,kama,kama,kama
kamani,kama,kama,kama
kamar,kama,kama,kama
kamari,kamara,kamara,kamara
Kamaru,kamara,kamara,kamara
Kamarun,kamara,kamara,kamara
kamfani,kamfa,kamfa,kamfa
kamfanin,kamfa,kamfa,kamfa
Kamfanin,kamfa,kamfa,kamfa
kamfanoni,kamfano,kamfano,kamfano
kamfanonin,kamfano,kamfano,kamfano
kamo,kamo,kamo,kamo
kamu,kamu,kamu,kamu
kamuwa,kamu,kamu,kamu
kan,kan,kan,kan
kana,kana,kana,kana
kanana,kana,kana,kana
kananan,kana,kana,kana
kanenshi,kane,kanen,kane
kanka,ka,ka,ka
kankane,kane,kane,kane
kankanin,kani,kani,kani
kansa,kansa,kansa,kansa
kansu,ka,ka,ka
kanta,kana,kana,kana
Karamar,karama,karama,karama
karamar,karama,karama,karama
karamin,karami,karami,karami
karanci,kara,kara,kara
karancin,kara,kara,kara
karanta,karanta,karanta,karanta
karantawa,karanta,karanta,karanta
karanto,karanto,kara,karanto
karantun,karantu,karantu,karantu
karar,kara,kara,kara
Karatu,karatu,karatu,karatu
karatun,karatu,karatu,karatu
karatunsa,karatu,karatu,karatu
karatunsu,karatu,karatu,karatu
karawa,kara,kara,kara
karawar,kara,kara,kara
karba,karba,karba,karba
karbar,karba,karba,karba
karbe,karbe,karbe,karbe
karbi,karbi,karbi,karbi
kare,kare,kare,kare
karen,kare,kare,kare
karewa,kare,kare,kare
karewar,kare,kare,kare
karfafa,karfa,karfa,karfa
karfi,karfi,karfi,karfi
karfin,karfi,karfi,karfi
kari,kari,kari,kari
karin,kari,kari,kari
kariya,kariya,kariya,kariya
kariyar,kariya,kariya,kariya
karo,karo,karo,karo
karon,karo,karo,karo
karshe,karshe,karshe,karshe
karshen,karshe,karshe,karshe
karu,karu,karu,karu
karuwa,kara,kara,kara
karuwar,kara,kara,kara
kasa,kasa,kasa,kasa
kasafai,kasafi,kasafi,kasafi
kasafin,kasafi,kasafi,kasafi
kasance,kasance,kasance,kasance
kasancewa,kasance,kasance,kasance
kasancewarta,kasancewara,kasance,kasancewara
Kasar,kasa,kasa,kasa
kasar,kasa,kasa,kasa
kasarsa,kasarsa,kasa,kasarsa
kasarsu,kasarsu,kasa,kasarsu
kasashe,kasashe,kasa,kasashe
Kasashen,kasashe,kasashe,kasashe
kasashen,kasashe,kasashe,kasashe
kasashensu,kasashe,kasashe,kasashe
kashe,kashe,kashe,kashe
kashedin,kashedi,kashedi,kashedi
kashewa,kashe,kashe,kashe
kasuwa,kasuwa,kasuwa,kasuwa
Kasuwan,kasuwa,kasuwa,kasuwa
kasuwanci,kasuwa,kasuwa,kasuwa
kasuwancinsa,kasuwan,kasuwa,kasuwan
kasuwancinsu,kasuwan,kasuwa,kasuwan
kasuwancinta,kasuwan,kasuwa,kasuwan
kasuwannin,kasuwa,kasuwa,kasuwa
kasuwar,kasuwa,kasuwa,kasuwa
kasuwarta,kasuwara,kasuwa,kasuwara
kaurace,kaurace,kauratu,kaurace
kauracewa,kaurace,kaurace,kaurace
kauyawan,kauya,kauya,kauya
kauyen,kauye,kauye,kauye
Kauyen,kauye,kauye,kauye
kauyenmu,kauye,kauye,kauye
kauyuka,kauye,kauye,kauye
kauyukan,kauye,kauye,kauye
kawance,kawance,kawa,kawance
kawancen,kawance,kawantu,kawance
kawar,kawa,kawa,kawa
kawayen,ka,ka,ka
kawayenta,ka,ka,ka
kaya,kaya,kaya,kaya
kayan,kaya,kaya,kaya
kayansa,kaya,kaya,kaya
kayar,kaya,kaya,kaya
kayayyaki,kayayya,kayayya,kayayya
kayayyakin,kayayya,kayayya,kayayya
keta,keta,keta,keta
ketara,ketara,ketara,ketara
ketare,ketare,ketare,ketare
kilo,kilo,kilo,kilo
kilomita,kilomita,kilomita,kilomita
kilomitoci,kilomito,kilomito,kilomito
Kimanin,kima,kima,kima
kimanin,kima,kima,kima
kimiya,kimiya,kimiya,kimiya
Kimiyya,kimiyya,kimi,kimiyya
kimiyya,kimiyya,kimi,kimiyya
kimiyyar,kimiyya,kimiyya,kimiyya
kira,kira,kira,kira
kiran,kira,kira,kira
kisa,kisa,kisa,kisa
kisan,kishi,kishi,kishi
kishi,kis,kis,kis
kishiya,kishiya,kishiya,kishiya
koci,koci,koci,koci
kocin,koci,koci,koci
kocinta,ko,ko,ko
kofi,kofi,kofi,kofi
kofin,kofi,kofi,kofi
kofuna,kofa,kofa,kofa
kokari,kokari,kokari,kokari
kokarin,koka,koka,koka
Kokarin,koka,koka,koka
kokarinsa,kokari,kokari,kokari
kokarinsu,kokari,kokari,kokari
kokarinta,kokari,kokari,kokari
kokawa,kokawa,kokawa,kokawa
koli,koli,koli,koli
kolin,koli,koli,koli
komai,komi,komi,komi
komatsansu,komatsa,komatsa,komatsa
komawarsa,komawarsa,koma,komawarsa
komen,kome,kome,kome
kone,kone,kone,kone
konen,kone,kone,kone
kora,kora,kora,kora
korafin,korafi,korafi,korafi
Kotu,kotu,kotu,kotu
kotun,kotu,kotu,kotu
kowa,kowa,kowa,kowa
kowacce,kowa,kowa,kowa
kowace,kowace,kowatu,kowace
kowane,kowane,kowane,kowane
kowanne,kowanne,kowa,kowanne
kowannesu,kowannesu,kowannesu,kowannesu
koya,koya,koya,koya
koyan,koya,koya,koya
koyarwa,koyar,koya,koyar
kubuta,kubu,kubu,kubu
kubutar,kubu,kubu,kubu
kubuto,kubuto,kubuto,kubuto
kudade,kudade,kudade,kudade
kudaden,kudade,kudade,kudade
kudancin,kuda,kuda,kuda
kudi,kudi,kudi,kudi
kudin,kudi,kudi,kudi
kudinta,kudi,kudi,kudi
kuka,kuka,kuka,kuka
kukan,kuka,kuka,kuka
Kuma,kuma,kuma,kuma
Kumar,kuma,kuma,kuma
kungiya,kungiya,kungiya,kungiya
Kungiyar,kungiya,kungiya,kungiya
kungiyar,kungiya,kungiya,kungiya
kungiyoyi,kungiya,kungiya,kungiya
Kungiyoyi,kungiya,kungiya,kungiya
kungiyoyin,kungiya,kungiya,kungiya
kusa,kusa,kusa,kusa
Kusan,kusa,kusa,kusa
kwallaye,kwallo,kwallo,kwallo
kwallayenta,kwallo,kwallo,kwallo
kwallo,kwallo,kwallo,kwallo
kwallon,kwallo,kwallo,kwallo
kwamanda,kwama,kwama,kwama
kwamandan,kwama,kwama,kwama
kwamatin,kwamati,kwamati,kwamati
Kwame,kwame,kwame,kwame
kwamfiyuta,kwamfire,kwamfire,kwamfire
kwamfiyutar,kwamfire,kwamfire,kwamfire
kwamfiyutoci,kwamfiyuto,kwamfiyuto,kwamfiyuto
kwamfuta,kwamfu,kwamfu,kwamfu
kwamfutar,kwamfu,kwamfu,kwamfu
kwamfutocin,kwamfuto,kwamfuto,kwamfuto
kwamfyuta,kwamfre,kwamfre,kwamfre
kwamfyutarsa,kwamfyutarsa,kwamfre,kwamfyutarsa
kwamfyutocin,kwamfyuto,kwamfyuto,kwamfyuto
kwamitin,kwamiti,kwamiti,kwamiti
kwana,kwana,kwana,kwana
kwanaki,kwana,kwana,kwana
Kwanaki,kwana,kwana,kwana
kwanakin,kwana,kwana,kwana
kwanan,kwana,kwana,kwana
kwantaragin,kwantaragi,kwantaragi,kwantaragi
kwantaraginsa,kwantaragi,kwantaragi,kwantaragi
kwantiragi,kwantiragi,kwantiragi,kwantiragi
kwantiragin,kwantiragi,kwantiragi,kwantiragi
kwantiraginsa,kwantiragi,kwantiragi,kwantiragi
kwararan,kwara,kwara,kwara
kwararren,kwararre,kwararre,kwararre
kwararru,kwararra,kwara,kwararra
kwararrun,kwararra,kwararra,kwararra
kwararrunsu,kwararra,kwararra,kwararra
kware,kware,kware,kware
kwarin,kwari,kwari,kwari
kwatankwacin,kwatankwa,kwatankwa,kwatankwa
kwatanta,kwata,kwata,kwata
kwayar,kwaya,kwaya,kwaya
Kwayar,kwaya,kwaya,kwaya
kwayoyi,kwaya,kwaya,kwaya
kwayoyin,kwaya,kwaya,kwaya
kwazo,kwazo,kwazo,kwazo
kwazon,kwazo,kwazo,kwazo
kyakkyawan,kyakkyawa,kyakkyawa,kyakkyawa
kyakkyawar,kyakkyawa,kyakkyawa,kyakkyawa
kyamar,kyama,kyama,kyama
kyamara,kyamara,kyamara,kyamara
kyauta,kyauta,kyauta,kyauta
kyautar,kyauta,kyauta,kyauta
kyautata,kyauta,kyauta,kyauta
labarai,labari,labari,labari
Labaran,labara,labara,labara
labaran,labara,labara,labara
Labaranka,labara,labara,labara
labari,labari,labari,labari
labarin,laba,laba,laba
Labarinka,labari,labari,labari
labaru,labara,labara,labara
Lafiya,lafiya,lafiya,lafiya
lafiyar,lafiya,lafiya,lafiya
lafiyarta,lafiyara,lafiya,lafiyara
Lahadi,lahadi,lahadi,lahadi
Lahadin,lahadi,lahadi,lahadi
laifi,laifi,laifi,laifi
laifin,laifi,laifi,laifi
lamunci,lamu,lamu,lamu
lamuni,lamu,lamu,lamu
lantarki,lantar,la,lantar
lantarkin,lantar,lantar,lantar
Laraba,laraba,laraba,laraba
Larabai,larabi,larabi,larabi
Larabaranka,larabara,larabara,larabara
LarabaRasha,larabarasha,larabara,larabarasha
lashe,lashe,lashe,lashe
lashi,las,las,las
lasisin,lasi,lasi,lasi
lataroni,lataro,lataro,lataro
lataroniKamfanin,lataronikamfa,lataronikamfa,lataronikamfa
latirin,lati,lati,lati
LatsaLatsanandon,latsalatsanando,latsalatsanando,latsalatsanando
latsawa,latsa,latsa,latsa
laturoni,laturo,laturo,laturo
lauya,lauya,lauya,lauya
Lauya,lauya,lauya,lauya
lauyoyi,lauya,lauya,lauya
layi,layi,layi,layi
Layin,layi,layi,layi
layin,layi,layi,layi
layukan,la,la,la
leda,leda,leda,leda
ledar,leda,leda,leda
likita,liki,liki,liki
likitoci,likito,likito,likito
Likitoci,likito,likito,likito
likitocin,likito,likito,likito
Likitocin,likito,likito,likito
limaman,lima,lima,lima
Limamin,limami,limami,limami
Liman,lima,lima,lima
lokaci,lokaci,lokaci,lokaci
lokacin,lokaci,lokaci,lokaci
lokuta,lo,lo,lo
lokutan,lo,lo,lo
lokutta,lokut,lo,lokut
lumana,luma,luma,luma
lumanar,luma,luma,luma
lura,lura,lura,lura
lurar,lura,lura,lura
madadin,madadi,madadi,madadi
madafun,madafu,madafu,madafu
Madani,mada,mada,mada
magabatansa,magaba,gaba,magaba
magana,magana,magana,magana
maganar,magana,magana,magana
magance,magance,maga,magance
magani,magani,magani,magani
magunguna,magunga,magunga,magunga
mahada,mahada,mahada,mahada
mahadar,mahada,mahada,mahada
mahaifa,haifa,haifa,haifa
mahaifanka,haifan,haifa,haifan
mahaifinsa,mahaifi,mahaifi,mahaifi
mahaifiyar,haifi,haifi,haifi
mahaifiyarta,haifiyara,haifi,haifiyara
mahawara,hawara,hawara,hawara
mahawarar,hawara,hawara,hawara
mahukunta,hu,mahu,hu
mahukuntan,hu,hu,hu
majalisa,majalishi,majalishi,majalishi
Majalisar,majalishi,majalishi,majalishi
majiya,ji,ji,ji
majiyar,ji,ji,ji
majlisar,majlishi,majlishi,majlishi
makamai,kama,kama,kama
makaman,makami,makami,makami
makamanta,kama,makami,kama
makamashi,makamas,makami,makamas
makamashin,makamas,makamas,makamas
makami,makami,makami,makami
makaranatrsu,makaranatrsu,makaranat,makaranatrsu
Makaranciyar,kara,kara,kara
Makaranta,karanta,makara,karanta
makaranta,karanta,makara,karanta
Makarantar,karanta,karanta,karanta
makarantar,karanta,karanta,karanta
makarantarsu,makarantarsu,karanta,makarantarsu
makarantu,makarantu,makara,makarantu
makarantun,makarantu,makarantu,makarantu
mako,mako,mako,mako
makomar,makomi,makomi,makomi
makon,mako,mako,mako
makonni,mako,mako,mako
makonnin,mako,mako,mako
makwabta,kwaba,mak,kwaba
makwabtaka,kwabta,kwabta,kwabta
makwabtan,kwabb,kwabb,kwabb
makwabtanta,kwaba,kwaba,kwaba
Malam,malam,malam,malam
malaman,malami,malami,malami
malamin,malami,malami,malami
mallaka,lla,lla,lla
mallakar,lla,lla,lla
mallaki,malla,malla,malla
mamakin,maki,maki,maki
mamaye,mamaya,mamaya,mamaya
manhaja,manhaja,manhaja,manhaja
Manhajar,manhaja,manhaja,manhaja
manhajar,manhaja,manhaja,manhaja
manhajarka,nhajar,manhaja,nhajar
manhajarsa,manhajarsa,manhaja,manhajarsa
manhajoji,manhaja,manhaja,manhaja
manhajojin,manhaja,manhaja,manhaja
Manhajojin,manhaja,manhaja,manhaja
manufar,nufa,nufa,nufa
manufofin,manufa,manufa,manufa
manya,manya,manya,manya
manyan,manya,manya,manya
masakar,sa,sa,sa
Masaku,masa,masa,masa
masallacin,masallaci,masallaci,masallaci
masallatai,salla,salla,salla
Masan,masa,masa,masa
masana,mashi,mashi,mashi
masanin,masa,masa,masa
Mata,ta,ta,ta
mataimaki,mataimi,mataimi,mataimi
mataimakin,mataimi,mataimi,mataimi
matakai,taka,taka,taka
matakan,ta,ta,ta
mataki,mataki,mataki,mataki
matakin,mataki,mataki,mataki
matan,ta,ta,ta
matanA,mata,mata,mata
matanmu,mata,ta,mata
matarsa,matarsa,ta,matarsa
matasa,matashi,matashi,matashi
matasan,matashi,matashi,matashi
matata,tata,tata,tata
matsa,matsa,matsa,matsa
matsala,matsala,matsala,matsala
matsalar,matsala,matsala,matsala
matsaloli,matsala,matsala,matsala
matsawa,matsa,matsa,matsa
matsaya,tsa,tsa,tsa
matsayarmu,matsayarmu,tsa,matsayarmu
matsayin,matsayi,matsayi,matsayi
matsayinsa,matsayi,matsayi,matsayi
matsin,matsi,matsi,matsi
matuka,tu,tu,tu
matukar,tu,tu,tu
mayakan,yaki,yaki,yaki
Mayakan,yaki,yaki,yaki
mayar,mayar,mayar,mayar
maye,maye,maye,maye
Mayu,mayu,mayu,mayu
Mayun,mayu,mayu,mayu
maza,maza,maza,maza
Mazauna,mazaa,mazaa,mazaa
mazauna,mazaa,mazaa,mazaa
mazauni,mazau,mazau,mazau
mazaunin,mazau,mazau,mazau
miliyan,miliya,miliya,miliya
miliyon,miliyo,miliyo,miliyo
miliyoyin,miliya,miliya,miliya
misali,misali,misali,misali
misalin,misali,misali,misali
Mita,mita,mita,mita
Mitocin,mito,mito,mito
Mitocinmu,mito,mito,mito
mota,mota,mota,mota
Motar,mota,mota,mota
motar,mota,mota,mota
motoci,moto,moto,moto
motocin,moto,moto,moto
muhimman,muhimmi,muhimmi,muhimmi
muhimmanci,muhimmi,muhimmi,muhimmi
muhimmancin,muhimmi,muhimmi,muhimmi
muhimmin,muhimmi,muhimmi,muhimmi
mujalla,mujalla,muja,mujalla
mujallar,mujalla,mujalla,mujalla
muka,muka,muka,muka
mukala,mukala,mukala,mukala
mukami,mukami,mukami,mukami
mukamin,mukami,mukami,mukami
mulki,mulki,mulki,mulki
mulkin,mul,mul,mul
mulkinsa,mul,mul,mul
mummunan,mi,mi,mi
mummunar,mi,mi,mi
mun,mun,mun,mun
muna,muna,muna,muna
mura,mura,mura,mura
muradin,muradi,muradi,muradi
muradun,muradu,muradu,muradu
murar,mura,mura,mura
murya,murya,murya,murya
muryar,murya,murya,murya
mutane,mutane,mutane,mutane
mutanen,mutane,mutane,mutane
mutu,mutu,mutu,mutu
mutum,mutum,mutum,mutum
mutumi,mutumi,mutumi,mutumi
mutumin,mutumi,mutumi,mutumi
mutuwa,mutu,mutu,mutu
mutuwar,mutu,mutu,mutu
Najeriya,najeriya,najeriya,najeriya
Najeriyar,najeriya,najeriya,najeriya
nasara,nasara,nasara,nasara
nasarar,nasara,nasara,nasara
nazari,nazara,nazara,nazara
nazarin,naza,naza,naza
nema,nema,nema,nema
Neman,nema,nema,nema
Nijer,nijer,nijer,nijer
Nijeriya,nijeriya,nijeriya,nijeriya
nisa,nisa,nisa,nisa
nisan,nisa,nisa,nisa
nisanci,nisa,nisa,nisa
nufi,nufi,nufi,nufi
nufin,nufi,nufi,nufi
nuna,nuna,nuna,nuna
nunawa,nuna,nuna,nuna
ragu,ragu,ragu,ragu
raguna,raga,raga,raga
Raguna,raga,raga,raga
raguwar,ra,ra,ra
rahotanni,raho,raho,raho
Rahotanni,raho,raho,raho
rahotannin,raho,raho,raho
rahoto,rahoto,rahoto,rahoto
rahoton,rahoto,rahoto,rahoto
rajista,rajisi,raji,rajisi
rajistar,rajiss,rajiss,rajiss
ran,ran,ran,ran
rana,rana,rana,rana
ranakun,rana,rana,rana
ranar,rana,rana,rana
rangadi,rangadi,rangadi,rangadi
rangadin,rangadi,rangadi,rangadi
ransa,ra,ra,ra
ransu,ra,ra,ra
rasa,rasa,rasa,rasa
Rasha,rasha,rasha,rasha
Rashar,rasha,rasha,rasha
rashawa,rasha,rasha,rasha
rashin,rashi,rashi,rashi
rasu,rasu,rasu,rasu
rasuwar,rasu,rasu,rasu
rasuwarta,rasuwara,rasu,rasuwara
raunana,rauna,rauna,rauna
raunata,raa,raa,raa
rauni,rau,rau,rau
raunuka,raune,raune,raune
rayukan,ra,ra,ra
rayukansu,rayuka,ra,rayuka
rayuwa,rare,rare,rare
rayuwar,rare,rare,rare
rediyo,rediyo,rediyo,rediyo
rediyon,rediyo,rediyo,rediyo
ribar,riba,riba,riba
ribarsu,ribarsu,riba,ribarsu
riga,riga,riga,riga
riguna,riga,riga,riga
rika,rika,rika,rika
rikau,rikau,rikau,rikau
rike,rike,rike,rike
rikewa,ri,ri,ri
Rikici,rikici,rikici,rikici
rikicin,rikici,rikici,rikici
riko,riko,riko,riko
rikon,rika,rika,rika
roka,roka,roka,roka
rokan,roka,roka,roka
rubuce,rubuce,rubutu,rubuce
rubuta,rubuta,rubuta,rubuta
rubutawa,rubuta,rubuta,rubuta
rubutu,rubutu,rubutu,rubutu
runduna,runduna,runduna,runduna
rundunar,runduna,runduna,runduna
ruwa,ruwa,ruwa,ruwa
ruwan,ruwa,ruwa,ruwa
saba,saba,saba,saba
sababbin,sababbi,sababbi,sababbi
Sabahi,sabahi,sabahi,sabahi
sabani,saba,saba,saba
sabawa,saba,saba,saba
sabbin,sabbi,sabbi,sabbi
sabon,sabo,sabo,sabo
Sabunta,sabu,sabu,sabu
sabunta,sabu,sabu,sabu
sabuwar,sabu,sabu,sabu
sadarwa,sadar,sada,sadar
sadarwar,sadar,sadar,sadar
safiya,safiya,safiya,safiya
safiyar,safiya,safiya,safiya
sakandare,sakandare,sakandare,sakandare
Sakandaren,sakandare,sakandare,sakandare
sake,sake,sake,sake
saki,saki,saki,saki
sakin,saki,saki,saki
sako,sako,sako,sako
sakon,saka,saka,saka
sakonnin,saka,saka,saka
sakonsa,saka,saka,saka
salula,salula,salula,salula
salular,salula,salula,salula
salularka,salularka,salula,salularka
salularsa,salularsa,salula,salularsa
sama,sama,sama,sama
saman,sama,sama,sama
samaniya,samaniya,samaniya,samaniya
samanta,sama,sama,sama
Samar,sama,sama,sama
samar,sama,sama,sama
samarwa,samar,sama,samar
same,same,same,same
sami,sami,sami,sami
samo,samo,samo,samo
samu,samu,samu,samu
samun,samu,samu,samu
samunsa,samu,samu,samu
sanadin,sanadi,sanadi,sanadi
sanadiyyar,sanadiyya,sanadiyya,sanadiyya
sanannen,sananne,sananne,sananne
sanar,sanar,sanar,sanar
sanarwa,sanar,shi,sanar
sanarwar,sanar,sanar,sanar
sanda,sanda,sanda,sanda
sandan,sanda,sanda,sanda
sani,sani,sani,sani
sanin,sa,sa,sa
sankara,sankara,sankara,sankara
Sankarar,sankara,sankara,sankara
sansanin,sa,sa,sa
sansanonin,sano,sano,sano
sansanoninsu,sano,sano,sano
sanya,sanya,sanya,sanya
sanyawa,sanya,sanya,sanya
sarakunan,saraka,saraka,saraka
saran,sara,sara,sara
sararin,sara,sara,sara
Sardaunan,sardaa,sardaa,sardaa
Sarki,sarki,sarki,sarki
Sarkin,sarki,sarki,sarki
sashe,sashe,sashe,sashe
sashen,sashe,sashe,sashe
sashin,sas,sas,sas
sassa,sa,sa,sa
sassan,sa,sa,sa
sassauci,sau,sau,sau
saukaka,sauka,sauka,sauka
saukar,sauka,sauka,sauka
sauki,sauki,sauki,sauki
saukin,sau,sau,sau
saura,saura,saura,saura
sauran,saura,saura,saura
sauraran,saura,saura,saura
saurare,saurare,saurare,saurare
sauraren,saurare,saurare,saurare
Saurari,saura,saura,saura
saurari,saura,saura,saura
sauraro,sauraro,sauraro,sauraro
sauraron,sauraro,sauraro,sauraro
sauri,saura,saura,saura
saurin,saura,saura,saura
sauro,sauro,sauro,sauro
sauron,sauro,sauro,sauro
sauti,sauti,sauti,sauti
sautin,sauti,sauti,sauti
sauya,sauya,sauya,sauya
sauyawa,sauya,sauya,sauya
sauye,sau,sau,sau
sauyen,sau,sau,sau
sauyi,sauyi,sauyi,sauyi
sauyin,sauyi,sauyi,sauyi
sayan,saya,saya,saya
sayar,sayar,sayar,sayar
sayarwa,sayar,saya,sayar
sayayya,sayayya,saya,sayayya
saye,saye,saye,saye
sayen,sa,sa,sa
sayi,sayi,sayi,sayi
shafar,shafa,shafa,shafa
shafe,shafe,shafe,shafe
shafi,shafi,shafi,shafi
shafin,shafi,shafi,shafi
shafinmu,shafi,shafi,shafi
shafuka,shafe,shafe,shafe
shafukan,shafe,shafe,shafe
shafuna,shafa,shafa,shafa
shaida,shaida,shaida,shaida
shaidar,shaida,shaida,shaida
shaidawa,shaida,shaida,shaida
shakka,shakka,sha,shakka
shakkar,shakka,shakka,shakka
shakku,shak,sha,shak
shakkun,shak,shak,shak
shawara,shawara,shawara,shawara
shawarar,shawara,shawara,shawara
shawararin,shawara,shawara,shawara
shawarwari,shawarwara,shawarwara,shawarwara
shekara,shekara,shekara,shekara
Shekara,shekara,shekara,shekara
shekarar,shekara,shekara,shekara
shekararsa,shekararsa,shekara,shekararsa
shekaru,shekara,shekara,shekara
Shekaru,shekara,shekara,shekara
shekarun,shekara,shekara,shekara
shekarunka,shekara,shekara,shekara
shekarunsu,shekara,shekara,shekara
shiga,shiga,shiga,shiga
shigar,shiga,shiga,shiga
shige,shige,shige,shige
shigen,shige,shige,shige
shiri,shira,shira,shira
shirin,shira,shira,shira
shirye,shir,shi,shir
shiryen,shir,shir,shir
shiryensa,shir,shir,shir
shirywa,shiry,shir,shiry
Shugaba,shugaba,shugaba,shugaba
shugaba,shugaba,shugaba,shugaba
shugaban,shugaba,shugaba,shugaba
Shugaban,shugaba,shugaba,shugaba
shugabanci,shugaba,shugaba,shugaba
Shugabancin,shugaba,shugaba,shugaba
shugabancin,shugaba,shugaba,shugaba
shugabannin,shugaba,shugaba,shugaba
shugabanninta,shugaban,shugaba,shugaban
Shugabar,shugaba,shugaba,shugaba
shugabar,shugaba,shugaba,shugaba
sinadari,sinadara,sinadara,sinadara
sinadarin,sinada,sinada,sinada
sirri,sirra,sirra,sirra
sirrin,sirra,sirra,sirra
siyan,siya,siya,siya
siyasa,siyashi,siyashi,siyashi
siyasar,siyashi,siyashi,siyashi
siyasarsa,siyasarsa,siyashi,siyasarsa
soja,soja,soja,soja
sojan,soja,soja,soja
sojin,soji,soji,soji
sojinsu,sa,sa,sa
sojoji,sojoji,sojoji,sojoji
sojojin,soja,soja,soja
suka,suka,suka,suka
sukar,suka,suka,suka
suna,suna,suna,suna
sunan,suna,suna,suna
sunanka,suna,suna,suna
sunansa,suna,suna,suna
sunayen,suna,suna,suna
Taba,taba,taba,taba
tababar,taba,taba,taba
tabarbarewar,tabare,tabare,tabare
tabbaci,tabba,tabba,tabba
tabbacin,tabba,tabba,tabba
tabbarwa,tabbar,tabba,tabbar
tabbas,tabbas,tabbas,tabbas
tabbata,tabbata,tabbata,tabbata
tabbatar,tabbata,tabbata,tabbata
tafi,tafi,tafi,tafi
tafiya,tafiya,tafiya,tafiya
tafiyar,tafiya,tafiya,tafiya
taimaka,taimaka,taimaka,taimaka
taimakawa,taimaka,taimaka,taimaka
taimaki,taima,taima,taima
Taimako,taimaka,taimaka,taimaka
taimako,taimaka,taimaka,taimaka
taimakon,taimaka,taimaka,taimaka
takaice,takaice,takaice,takaice
takaici,takaici,takaici,takaici
takaicin,takaici,takaici,takaici
takaita,,,
takaitattun,takaitattu,takaitattu,takaitattu
Takaitattun,takaitattu,takaitattu,takaitattu
takaitattunsu,takaitattu,takaitattu,takaitattu
takalmi,takalmi,takalmi,takalmi
takamaimai,takamaimi,takamaimi,takamaimi
takara,takara,takara,takara
takardar,takarda,takarda,takarda
takardu,takardu,taka,takardu
Takardunku,takardu,takardu,takardu
takawa,taki,taki,taki
take,take,take,take
taken,take,take,take
takun,taki,taki,taki
takwaransa,takwara,takwara,takwara
Talabiji,talabiji,talabiji,talabiji
talabijin,talabiji,talabiji,talabiji
tallace,tallace,tallatu,tallace
tallafawa,tallafa,tallafa,tallafa
tallafi,tallafi,tallafi,tallafi
tallafin,tallafi,tallafi,tallafi
tallar,talla,talla,talla
tambaya,tambaya,tambaya,tambaya
Tambayoyin,tambaya,tambaya,tambaya
tambayoyin,tambaya,tambaya,tambaya
tantama,tantama,tantama,tantama
tantance,tance,ta,tance
Tantawi,tantawi,tantawi,tantawi
tara,tara,tara,tara
tarar,tarar,tarar,tarar
tarayya,tarayya,tara,tarayya
tarayyar,tarayya,tarayya,tarayya
tare,tare,tare,tare
tarihi,tarihi,tarihi,tarihi
tarihin,tarihi,tarihi,tarihi
tarin,a,a,a
taro,taro,taro,taro
taron,taro,taro,taro
tarukan,tare,tare,tare
tarukkan,tarukka,tarukka,tarukka
tarurrukan,tarure,tarure,tarure
tashi,tashi,tashi,tashi
tashin,tashi,tashi,tashi
tasiri,tasira,tasira,tasira
tasirin,tasi,tasi,tasi
tattaki,ta,ta,ta
Tattalin,tali,tali,tali
tattalin,tali,tali,tali
tattara,tara,tara,tara
tattauanawa,tauana,tauana,tauana
tattauna,tauna,tauna,tauna
tattaunawa,tauna,tauna,tauna
tattaunawar,tauna,tauna,tauna
tawaga,tawaga,tawaga,tawaga
tawagar,tawaga,tawaga,tawaga
tawaye,tawaye,tawaye,tawaye
tawayen,tawaye,tawaye,tawaye
taya,taya,taya,taya
tayar,taya,taya,taya
teku,teku,teku,teku
tekun,teki,teki,teki
tikiti,tikiti,tikiti,tikiti
tikitin,tikiti,tikiti,tikiti
toshe,toshe,toshe,toshe
toshiyar,toshiya,toshiya,toshiya
tsaka,tsaka,tsaka,tsaka
tsakanin,tsakani,tsakani,tsakani
tsakaninsa,tsakani,tsakani,tsakani
tsakaninsu,tsakani,tsakani,tsakani
tsaki,tsaki,tsaki,tsaki
tsakiya,tsakiya,tsakiya,tsakiya
tsakiyar,tsakiya,tsakiya,tsakiya
tsallaka,tsallaka,tsallaka,tsallaka
tsallake,tsalla,tsalla,tsalla
tsallakwa,tsallak,tsalla,tsallak
tsanani,tsana,tsana,tsana
tsananin,tsana,tsana,tsana
tsara,tsara,tsara,tsara
Tsare,tsare,tsare,tsare
tsare,tsare,tsare,tsare
tsarin,tsari,tsari,tsari
tsarinmu,tsari,tsari,tsari
tsarinsu,tsari,tsari,tsari
tsaro,tsaro,tsaro,tsaro
tsaron,tsaro,tsaro,tsaro
tsattsauran,tsaura,tsaura,tsaura
tsaurara,tsaura,tsaura,tsaura
tsauraran,tsaura,tsaura,tsaura
tsawo,tsawo,tsawo,tsawo
tsawon,tsawo,tsawo,tsawo
tsaya,tsaya,tsaya,tsaya
tsaye,tsa,tsa,tsa
tsere,tsere,tsere,tsere
tserewa,tsere,tsere,tsere
Tsohon,tsoho,tsoho,tsoho
tsohuwar,tsohu,tsohu,tsohu
tsokaci,tsoka,tsoka,tsoka
tsokacin,tsoka,tsoka,tsoka
tunani,tuna,tuna,tuna
tunanin,tuna,tuna,tuna
tunatar,tuna,tuna,tuna
tunawa,tuna,tuna,tuna
tuntubar,tuntuba,tuntuba,tuntuba
tuntubarka,tuntubarka,tuntuba,tuntubarka
Tuntube,tuntube,tuntube,tuntube
tuntubi,tuntubi,tuntubi,tuntubi
Turakar,turaka,turaka,turaka
turakarsu,turakarsu,turaka,turakarsu
Turaki,tura,tura,tura
uku,uku,uku,uku
ukun,ukun,ukun,ukun
umarce,umarce,uma,umarce
umarci,umar,uma,umar
umarnin,umarni,umarni,umarni
umarta,umara,uma,umara
umurci,umur,umu,umur
umurnin,umur,umur,umur
ungulu,ungulu,ungulu,ungulu
Unguwar,unguwa,unguwa,unguwa
uwa,uwa,uwa,uwa
uwan,uwan,uwan,uwan
uwansa,uwa,uwa,uwa
Uwargidan,uwargida,uwargida,uwargida
wadai,wadi,wadi,wadi
Wadanann,wadan,wadan,wadan
wadanda,wada,wada,wada
Wadanda,wada,wada,wada
wadannan,wadan,wadan,wadan
wadanne,wadanne,wada,wadanne
wadansu,wada,wada,wada
wadda,wadda,wadda,wadda
waje,waje,waje,waje
wajen,wajen,wajen,wajen
waka,waka,waka,waka
wakana,waka,waka,waka
wakar,waka,waka,waka
wakilai,wakili,wakili,wakili
wakilan,wakila,wakila,wakila
wakilce,wakilce,wa,wakilce
wakilci,wakil,wa,wakil
Wakilin,wakili,wakili,wakili
wakilin,wakili,wakili,wakili
wakilta,wakili,wa,wakili
wakoki,waka,waka,waka
wallafa,wallafa,wallafa,wallafa
wallafawa,wallafa,wallafa,wallafa
wanda,wanda,wanda,wanda
wandanda,wa,wanda,wa
wanene,wane,wane,wane
Wani,wani,wani,wani
wani,wani,wani,wani
Wannan,wannan,wannan,wannan
wannan,wannan,wannan,wannan
wanne,wanne,wanne,wanne
ware,ware,ware,ware
warware,ware,ware,ware
wasa,wasa,wasa,wasa
wasan,wasa,wasa,wasa
wasanni,wasa,wasa,wasa
Wasanni,wasa,wasa,wasa
wasannin,wasa,wasa,wasa
wasanninta,wasan,wasa,wasan
wasansa,wasa,wasa,wasa
wasansu,wasa,wasa,wasa
wata,wata,wata,wata
watan,wata,wata,wata
watanni,wata,wata,wata
watannin,wata,wata,wata
waya,waya,waya,waya
wayar,waya,waya,waya
Wayar,waya,waya,waya
wayarka,wayarka,waya,wayarka
wayarmu,wayarmu,waya,wayarmu
wayi,wayi,wayi,wayi
wayoyi,wayoyi,wayoyi,wayoyi
Wayoyin,waya,waya,waya
wayoyin,waya,waya,waya
wayoyinsu,waya,waya,waya
Waziri,wazira,wazira,wazira
Wazirin,wazi,wazi,wazi
wukake,wuka,wuka,wuka
wukakensu,wuka,wuka,wuka
wuraren,wurare,wurare,wurare
wuri,wuri,wuri,wuri
wurin,wuri,wuri,wuri
wuta,wuta,wuta,wuta
wutar,wuta,wuta,wuta
wuya,wuya,wuya,wuya
wuyan,wuya,wuya,wuya
yada,yada,yada,yada
yadawa,yada,yada,yada
Yadda,yadda,yadda,yadda
yaduwa,yadu,yadu,yadu
yaduwar,yadu,yadu,yadu
Yaki,yaki,yaki,yaki
yakin,yaki,yaki,yaki
yamma,yamma,yamma,yamma
yammacin,yamma,yamma,yamma
yana,yana,yana,yana
yanar,yana,yana,yana
yanayi,yanayi,yanayi,yanayi
yanayin,yanayi,yanayi,yanayi
yanayinsu,ayinsu,yanayi,ayinsu
yanka,yanka,yanka,yanka
yanke,yanke,yanke,yanke
yankewa,,,
yanki,yanki,yanki,yanki
yankin,yan,yan,yan
yankinku,kin,ki,kin
yankunan,ka,ka,ka
yara,yara,yara,yara
yaran,yara,yara,yara
Yarinya,yarinya,yari,yarinya
yarinyar,yarinya,yarinya,yarinya
yarjejeniya,yarjejeniya,yarjejeniya,yarjejeniya
yarjejeniyar,yarjejeniya,yarjejeniya,yarjejeniya
yawan,yawa,yawa,yawa
yawancin,yawanci,yawanci,yawanci
yayi,yayi,yayi,yayi
yayin,yayi,yayi,yayi
Yayinda,yayi,yayi,yayi
yiwa,yiwa,yiwa,yiwa
yiwu,yiwu,yiwu,yiwu
yiwuwa,yiwu,yiwu,yiwu
yiwuwar,yiwu,yiwu,yiwu
yunkuri,yunkura,yunkura,yunkura
yunkurin,yunkur,yunkur,yunkur
zaba,zaba,zaba,zaba
zababbun,zababbu,zababbu,zababbu
zabar,zaba,zaba,zaba
zabe,zabe,zabe,zabe
Zabe,zabe,zabe,zabe
zaben,zabe,zabe,zabe
Zaben,zabe,zabe,zabe
zabi,zabi,zabi,zabi
zabin,zabi,zabi,zabi
zabuka,zabe,zabe,zabe
zabukan,zabe,zabe,zabe
zafi,zafi,zafi,zafi
zafin,zafi,zafi,zafi
zagaye,zaga,zaga,zaga
zagayen,zaga,zaga,zaga
zage,zage,zage,zage
zagon,zago,zago,zago
zaka,zaka,zaka,zaka
Zakarun,zakara,zakara,zakara
zama,zama,zama,zama
Zaman,zama,zama,zama
zaman,zama,zama,zama
Zamani,zamani,zamani,zamani
zamani,zamani,zamani,zamani
zamansa,zama,zama,zama
zamantakewa,zamanta,zamanta,zamanta
zamantakewar,zamanta,zamanta,zamanta
zamiya,zamiya,zamiya,zamiya
zamiyar,zamiya,zamiya,zamiya
zanga,zanga,zanga,zanga
Zanga,zanga,zanga,zanga
zangar,zanga,zanga,zanga
zango,zango,zango,zango
zangon,zango,zango,zango
zarge,zarge,zarge,zarge
zargen,zarge,zarge,zarge
zargi,zargi,zargi,zargi
zargin,zargi,zargi,zargi
zarginsu,zargi,zargi,zargi
zarta,zara,zara,zara
zartar,zarr,zarr,zarr
zartarwa,zartar,zara,zartar
zauna,zauna,zauna,zauna
zaune,zaune,zaune,zaune
zauren,zaure,zaure,zaure
zawarcin,zawar,zawar,zawar
zawarcinsa,zawar,zawar,zawar
zazzabi,zazzabi,zazzabi,zazzabi
Zazzabin,zabi,zabi,zabi
ziyara,ziyara,ziyara,ziyara
ziyarar,ziyara,ziyara,ziyara
ziyararsa,ziyararsa,ziyara,ziyararsa
ziyarci,ziyar,ziya,ziyar
zumunci,zumu,zumu,zumu
zumuncin,zumu,zumu,zumu
zumunta,zumu,zumu,zumu
zumuntan,zumu,zumu,zumu
